{"req_start": 0.08378684807256115, "req_end": 0.085238095238094, "start_time": 0.33378684807256115, "end_time": 0.335238095238094, "ctrl_delay": 0.25, "latest_time": 866244.0805733, "blob_len": 8, "descriptor_len": 75431, "compiled_plan_len": 927}